,file_path,lc_tsne2_f1,lc_tsne2_f2,lc_tsne3_f1,lc_tsne3_f2,lc_tsne3_f3,lb_tsne2_f1,lb_tsne2_f2,lb_tsne3_f1,lb_tsne3_f2,lb_tsne3_f3,la_tsne2_f1,la_tsne2_f2,la_tsne3_f1,la_tsne3_f2,la_tsne3_f3,confidence,color,emotion,lc_feat_path,lb_feat_path,la_feat_path
0,CS229/TFEID_High/dfh_happiness_x/m12_dfh_hx.jpg,8.828928,38.85181,2.7357614,-33.754814,36.789486,30.122227,-20.432888,30.659218,8.102282,-7.0812783,0.19296598,-16.006666,-9.898611,-6.549885,-2.3422155,0.8898101,pink,happiness,CS229/feature/m12_dfh_hx_lc_feat.npy,CS229/feature/m12_dfh_hx_lb_feat.npy,CS229/feature/m12_dfh_hx_lb_feat.npy
1,CS229/TFEID_High/dfh_happiness_x/m14_dfh_hx.jpg,6.998985,41.07812,-5.2200403,-16.754992,33.662228,22.959435,-13.2213125,22.403112,1.0611466,-24.866257,-3.2256618,-28.513266,-25.802738,30.061766,-48.996677,0.9136128,pink,happiness,CS229/feature/m14_dfh_hx_lc_feat.npy,CS229/feature/m14_dfh_hx_lb_feat.npy,CS229/feature/m14_dfh_hx_lb_feat.npy
2,CS229/TFEID_High/dfh_happiness_x/f16_dfh_hx.jpg,10.925796,38.26689,-5.0722284,-47.020706,36.520477,10.50709,-18.2652,10.371347,1.6654042,-7.250664,14.022278,11.687378,16.514486,-29.111425,53.76643,0.5827045,pink,happiness,CS229/feature/f16_dfh_hx_lc_feat.npy,CS229/feature/f16_dfh_hx_lb_feat.npy,CS229/feature/f16_dfh_hx_lb_feat.npy
3,CS229/TFEID_High/dfh_happiness_x/m16_dfh_hx.jpg,7.7414007,40.277378,5.402778,-19.775719,38.64331,11.04707,-24.5712,24.957794,-6.8286514,-13.720496,-1.4131241,-39.890625,-31.352774,-53.32697,53.10313,0.9262518,pink,happiness,CS229/feature/m16_dfh_hx_lc_feat.npy,CS229/feature/m16_dfh_hx_lb_feat.npy,CS229/feature/m16_dfh_hx_lb_feat.npy
4,CS229/TFEID_High/dfh_happiness_x/m02_dfh_hx.jpg,7.375852,37.471848,12.322821,-32.276245,25.91174,23.362572,-26.679132,0.5223529,1.5281296,-19.691025,-0.48088983,-9.523514,-5.72615,16.03549,3.7453568,0.81318474,pink,happiness,CS229/feature/m02_dfh_hx_lc_feat.npy,CS229/feature/m02_dfh_hx_lb_feat.npy,CS229/feature/m02_dfh_hx_lb_feat.npy
5,CS229/TFEID_High/dfh_surprise_x/m12_dfh_px.JPG,26.16692,-22.126333,18.385796,71.01928,-16.788904,-23.475855,-3.8236315,-36.038193,33.8727,17.384714,6.0858493,-30.335236,-40.008102,-7.768138,-5.223739,0.9546197,purple,surprise,CS229/feature/m12_dfh_px_lc_feat.npy,CS229/feature/m12_dfh_px_lb_feat.npy,CS229/feature/m12_dfh_px_lb_feat.npy
6,CS229/TFEID_High/dfh_surprise_x/m18_dfh_px.JPG,20.886683,-23.86077,4.0376863,67.02449,-13.51775,-26.526499,-1.5356827,-29.779402,40.174797,17.992277,39.382534,1.0346564,85.94045,20.61957,18.42983,0.801672,purple,surprise,CS229/feature/m18_dfh_px_lc_feat.npy,CS229/feature/m18_dfh_px_lb_feat.npy,CS229/feature/m18_dfh_px_lb_feat.npy
7,CS229/TFEID_High/dfh_surprise_x/m14_dfh_px.JPG,22.948877,-22.407888,3.22203,62.10006,-34.552795,-24.416239,-5.6355553,-43.151234,35.918667,18.191565,7.9043155,-31.881924,-39.053783,-8.487689,-23.157047,0.8677442,purple,surprise,CS229/feature/m14_dfh_px_lc_feat.npy,CS229/feature/m14_dfh_px_lb_feat.npy,CS229/feature/m14_dfh_px_lb_feat.npy
8,CS229/TFEID_High/dfh_surprise_x/m07_dfh_px.JPG,20.521461,-21.412647,-10.264699,67.08607,-26.159517,-32.16029,36.388763,-47.31442,-17.454508,-9.241981,-1.7397497,57.690758,-17.056913,95.327324,-14.261262,0.78196466,purple,surprise,CS229/feature/m07_dfh_px_lc_feat.npy,CS229/feature/m07_dfh_px_lb_feat.npy,CS229/feature/m07_dfh_px_lb_feat.npy
9,CS229/TFEID_High/dfh_surprise_x/f12_dfh_px.JPG,26.617405,-20.864054,163.14754,58.182667,-5.4530606,-21.807945,-3.5281663,26.970778,-50.615746,11.788794,-10.060726,-1.4563112,54.88295,-6.8268995,23.730976,0.8937057,purple,surprise,CS229/feature/f12_dfh_px_lc_feat.npy,CS229/feature/f12_dfh_px_lb_feat.npy,CS229/feature/f12_dfh_px_lb_feat.npy
10,CS229/TFEID_High/dfh_disgust_x/m09_dfh_dx.jpg,8.013025,0.5494455,-52.15736,32.466885,6.290608,24.96147,-0.8546839,1.4663231,21.016523,-26.53588,10.783697,-15.644328,10.023435,24.82128,-15.615182,0.904339,blue,disgust,CS229/feature/m09_dfh_dx_lc_feat.npy,CS229/feature/m09_dfh_dx_lb_feat.npy,CS229/feature/m09_dfh_dx_lb_feat.npy
11,CS229/TFEID_High/dfh_disgust_x/f09_dfh_dx.jpg,14.521836,-0.55274725,-45.380253,44.19977,39.768402,-9.938792,-6.7393584,-17.970953,-3.244821,4.292057,15.028993,-19.68651,13.586542,-69.83448,-0.52123785,0.93614435,blue,disgust,CS229/feature/f09_dfh_dx_lc_feat.npy,CS229/feature/f09_dfh_dx_lb_feat.npy,CS229/feature/f09_dfh_dx_lb_feat.npy
12,CS229/TFEID_High/dfh_disgust_x/m05_dfh_dx.jpg,10.856191,4.8501687,-49.93248,9.52099,28.010017,22.780745,-0.027573543,-2.6564133,24.205107,-33.00284,33.95236,-10.000378,33.731483,-49.044716,99.363815,0.9354293,blue,disgust,CS229/feature/m05_dfh_dx_lc_feat.npy,CS229/feature/m05_dfh_dx_lb_feat.npy,CS229/feature/m05_dfh_dx_lb_feat.npy
13,CS229/TFEID_High/dfh_disgust_x/m08_dfh_dx.jpg,13.720078,1.2863466,-35.768795,32.593624,39.561836,26.287405,0.85629714,-3.6326802,22.569374,-20.733889,27.903332,-10.517398,22.191961,-72.68322,68.2033,0.9359004,blue,disgust,CS229/feature/m08_dfh_dx_lc_feat.npy,CS229/feature/m08_dfh_dx_lb_feat.npy,CS229/feature/m08_dfh_dx_lb_feat.npy
14,CS229/TFEID_High/dfh_disgust_x/m13_dfh_dx.jpg,9.659723,0.96333253,-52.440025,37.125713,20.115778,0.88738346,-17.33348,12.463151,18.36147,8.0170555,-9.396728,4.9826913,47.05353,-13.909503,-12.563259,0.9494501,blue,disgust,CS229/feature/m13_dfh_dx_lc_feat.npy,CS229/feature/m13_dfh_dx_lb_feat.npy,CS229/feature/m13_dfh_dx_lb_feat.npy
15,CS229/TFEID_High/dfh_sadness_x/f02_dfh_sx.jpg,46.76667,-8.334671,55.17053,-7.201404,-76.942085,4.424241,-3.431257,-1.5862403,7.7407393,20.743568,-0.26047364,1.1643671,23.315664,21.821842,45.067005,0.34888628,orange,sadness,CS229/feature/f02_dfh_sx_lc_feat.npy,CS229/feature/f02_dfh_sx_lb_feat.npy,CS229/feature/f02_dfh_sx_lb_feat.npy
16,CS229/TFEID_High/dfh_sadness_x/m16_dfh_sx.jpg,2.6589165,-34.36366,33.617325,17.716452,-1.381987,32.84936,-7.1909504,17.21945,33.964363,-25.554146,-0.17321196,-40.028526,41.852737,51.129616,62.016216,0.7213137,orange,sadness,CS229/feature/m16_dfh_sx_lc_feat.npy,CS229/feature/m16_dfh_sx_lb_feat.npy,CS229/feature/m16_dfh_sx_lb_feat.npy
17,CS229/TFEID_High/dfh_sadness_x/f21_dfh_sx.jpg,-3.6789489,-33.84492,-9.075124,20.793964,-9.395093,3.0868964,-7.602029,7.9920025,4.798331,22.552933,11.189858,6.890861,11.177752,3.085397,72.41557,0.6923452,orange,sadness,CS229/feature/f21_dfh_sx_lc_feat.npy,CS229/feature/f21_dfh_sx_lb_feat.npy,CS229/feature/f21_dfh_sx_lb_feat.npy
18,CS229/TFEID_High/dfh_sadness_x/f18_dfh_sx.jpg,-2.583592,-34.097187,-2.7181432,24.348358,0.43116024,1.1821929,-8.488218,13.897746,5.296652,27.851591,-6.610139,18.54888,37.22079,-39.69476,-65.495995,0.883355,orange,sadness,CS229/feature/f18_dfh_sx_lc_feat.npy,CS229/feature/f18_dfh_sx_lb_feat.npy,CS229/feature/f18_dfh_sx_lb_feat.npy
19,CS229/TFEID_High/dfh_sadness_x/f06_dfh_sx.jpg,-30.662207,-14.14439,-60.30895,6.617115,-33.05031,1.5264215,-35.820747,52.36006,-12.187337,-3.7236109,-7.4247427,10.307024,43.24833,-3.3491347,-45.230305,0.44186926,orange,sadness,CS229/feature/f06_dfh_sx_lc_feat.npy,CS229/feature/f06_dfh_sx_lb_feat.npy,CS229/feature/f06_dfh_sx_lb_feat.npy
20,CS229/TFEID_High/dfh_fear_x/m03_dfh_fx.jpg,25.463459,-18.028917,14.56904,21.032385,-52.405296,-6.1099563,5.7510448,-24.748896,17.449457,20.28616,-3.5797486,-4.4672227,36.18375,13.831872,5.9607167,0.7961239,yellow,fear,CS229/feature/m03_dfh_fx_lc_feat.npy,CS229/feature/m03_dfh_fx_lb_feat.npy,CS229/feature/m03_dfh_fx_lb_feat.npy
21,CS229/TFEID_High/dfh_fear_x/f13_dfh_fx.jpg,45.4294,-3.7732377,27.401611,-33.869427,-73.185715,2.798973,-1.7523625,-5.8795056,9.350778,27.111822,12.13177,9.151956,7.1574993,-13.134988,66.03878,0.8581137,yellow,fear,CS229/feature/f13_dfh_fx_lc_feat.npy,CS229/feature/f13_dfh_fx_lb_feat.npy,CS229/feature/f13_dfh_fx_lb_feat.npy
22,CS229/TFEID_High/dfh_fear_x/m19_dfh_fx.jpg,44.662865,-5.3557606,-7.6896043,89.82977,20.477518,-27.851824,-0.61745894,-25.001328,44.534157,15.914781,41.517735,1.3809128,94.121956,20.146696,2.4406235,0.7712451,yellow,fear,CS229/feature/m19_dfh_fx_lc_feat.npy,CS229/feature/m19_dfh_fx_lb_feat.npy,CS229/feature/m19_dfh_fx_lb_feat.npy
23,CS229/TFEID_High/dfh_fear_x/f19_dfh_fx.jpg,15.821534,-2.0191078,-48.761967,53.499928,50.882614,12.442271,43.91657,7.4392953,-41.386627,30.754747,-56.511333,-6.2735147,-70.98445,28.56979,-17.457037,0.54105043,yellow,fear,CS229/feature/f19_dfh_fx_lc_feat.npy,CS229/feature/f19_dfh_fx_lb_feat.npy,CS229/feature/f19_dfh_fx_lb_feat.npy
24,CS229/TFEID_High/dfh_fear_x/f08_dfh_fx.jpg,43.410305,-4.768988,30.116674,-44.47254,-59.97597,-6.966678,3.561233,-20.744022,10.491653,22.732008,12.780181,10.873344,3.3257432,-27.596634,60.45924,0.9111656,yellow,fear,CS229/feature/f08_dfh_fx_lc_feat.npy,CS229/feature/f08_dfh_fx_lb_feat.npy,CS229/feature/f08_dfh_fx_lb_feat.npy
25,CS229/TFEID_High/dfh_neutral_x/f01_dfh_nx.jpg,-22.349106,14.900022,38.789307,-20.083187,-31.857796,7.8878427,-3.463417,-3.422989,8.07989,12.40325,1.1664587,-0.15214412,19.108677,22.074123,30.089117,0.44307604,black,neutral,CS229/feature/f01_dfh_nx_lc_feat.npy,CS229/feature/f01_dfh_nx_lb_feat.npy,CS229/feature/f01_dfh_nx_lb_feat.npy
26,CS229/TFEID_High/dfh_neutral_x/m14_dfh_nx.jpg,-26.65268,-21.106407,-26.141996,-31.755808,-25.40085,25.202015,-11.108235,18.705864,6.8562455,-30.212666,-2.2541864,-30.00298,-48.52649,-46.45638,20.65149,0.32926258,black,neutral,CS229/feature/m14_dfh_nx_lc_feat.npy,CS229/feature/m14_dfh_nx_lb_feat.npy,CS229/feature/m14_dfh_nx_lb_feat.npy
27,CS229/TFEID_High/dfh_neutral_x/f11_dfh_nx.jpg,-23.338245,16.510202,48.44661,-30.68437,-26.497118,-12.023686,1.1793029,-24.903545,-4.5001364,26.975138,30.265635,-10.218955,25.456644,-62.237473,81.662575,0.4434172,black,neutral,CS229/feature/f11_dfh_nx_lc_feat.npy,CS229/feature/f11_dfh_nx_lb_feat.npy,CS229/feature/f11_dfh_nx_lb_feat.npy
28,CS229/TFEID_High/dfh_neutral_x/m20_dfh_nx.jpg,-25.19643,17.18547,52.61535,-22.346958,-15.125993,26.50413,-22.180847,22.893717,18.85825,-10.231643,2.7689924,-27.957663,-49.697517,-27.50386,15.468731,0.434595,black,neutral,CS229/feature/m20_dfh_nx_lc_feat.npy,CS229/feature/m20_dfh_nx_lb_feat.npy,CS229/feature/m20_dfh_nx_lb_feat.npy
29,CS229/TFEID_High/dfh_neutral_x/m12_dfh_nx.jpg,-25.791876,18.499445,49.74852,-22.500418,-2.210053,27.899883,-21.215267,23.860762,12.407479,-7.5639334,4.2979918,-28.69017,-47.846962,-14.710334,8.142749,0.5701617,black,neutral,CS229/feature/m12_dfh_nx_lc_feat.npy,CS229/feature/m12_dfh_nx_lb_feat.npy,CS229/feature/m12_dfh_nx_lb_feat.npy
30,CS229/TFEID_High/dfh_contempt_x/m07_dfh_crx.jpg,-24.439402,20.601292,57.03986,-38.827652,-8.649062,25.184208,-26.422241,26.086926,26.346216,-5.914518,4.848114,-26.292013,-54.753704,-10.377298,24.648678,0.46557468,green,contempt,CS229/feature/m07_dfh_crx_lc_feat.npy,CS229/feature/m07_dfh_crx_lb_feat.npy,CS229/feature/m07_dfh_crx_lb_feat.npy
31,CS229/TFEID_High/dfh_contempt_x/f04_dfh_crx.jpg,-27.471682,25.96375,66.90721,-31.52151,28.295998,7.7417936,-27.711882,33.392372,-13.237366,-2.4232285,-4.0274935,14.238439,24.834122,-13.21448,-51.972443,0.9715542,green,contempt,CS229/feature/f04_dfh_crx_lc_feat.npy,CS229/feature/f04_dfh_crx_lb_feat.npy,CS229/feature/f04_dfh_crx_lb_feat.npy
32,CS229/TFEID_High/dfh_contempt_x/f01_dfh_clx.jpg,-25.058723,22.477741,55.22879,-38.683327,5.791146,9.24282,-1.1029456,-6.171683,-9.186006,38.322887,2.078242,-4.516644,17.157293,38.80221,14.587808,0.83595335,green,contempt,CS229/feature/f01_dfh_clx_lc_feat.npy,CS229/feature/f01_dfh_clx_lb_feat.npy,CS229/feature/f01_dfh_clx_lb_feat.npy
33,CS229/TFEID_High/dfh_contempt_x/f06_dfh_crx.jpg,-27.620573,28.436016,62.616886,-23.37373,39.59588,2.6643183,-35.00748,47.217335,-13.848581,-0.48367774,-8.328774,8.000173,40.97648,-10.684704,-29.145176,0.94692814,green,contempt,CS229/feature/f06_dfh_crx_lc_feat.npy,CS229/feature/f06_dfh_crx_lb_feat.npy,CS229/feature/f06_dfh_crx_lb_feat.npy
34,CS229/TFEID_High/dfh_contempt_x/f15_dfh_crx.jpg,-23.022131,23.712002,46.5904,-51.67868,11.051333,8.057362,-18.155237,15.517938,0.72691584,-0.7467528,-12.676243,3.9842248,70.48542,-27.436901,-9.739591,0.45439687,green,contempt,CS229/feature/f15_dfh_crx_lc_feat.npy,CS229/feature/f15_dfh_crx_lb_feat.npy,CS229/feature/f15_dfh_crx_lb_feat.npy
35,CS229/TFEID_High/dfh_anger_x/m09_dfh_ax.jpg,-34.525246,-19.965267,-42.463852,-6.5415,-49.027798,27.416683,-6.550173,10.922859,19.27245,-27.836937,10.441722,-18.5459,-21.05685,5.8104653,30.997114,0.90709984,red,anger,CS229/feature/m09_dfh_ax_lc_feat.npy,CS229/feature/m09_dfh_ax_lb_feat.npy,CS229/feature/m09_dfh_ax_lb_feat.npy
36,CS229/TFEID_High/dfh_anger_x/f04_dfh_ax.jpg,-28.737679,-16.950281,-49.2985,-14.557766,-24.58848,7.716807,-13.159096,7.7751455,-5.9425426,8.795822,0.78034735,12.114827,-6.076462,-4.1186333,-58.27,0.7739041,red,anger,CS229/feature/f04_dfh_ax_lc_feat.npy,CS229/feature/f04_dfh_ax_lb_feat.npy,CS229/feature/f04_dfh_ax_lb_feat.npy
37,CS229/TFEID_High/dfh_anger_x/m16_dfh_ax.jpg,-35.152916,-20.770006,-53.55665,81.79299,-39.821156,30.169933,-5.81779,13.803631,26.045433,-24.600834,-0.5158324,-17.542772,-14.880859,-17.187645,-11.770887,0.6607791,red,anger,CS229/feature/m16_dfh_ax_lc_feat.npy,CS229/feature/m16_dfh_ax_lb_feat.npy,CS229/feature/m16_dfh_ax_lb_feat.npy
38,CS229/TFEID_High/dfh_anger_x/f13_dfh_ax.jpg,-25.663422,-9.522296,39.06332,-221.07271,194.53609,-8.997898,-3.903566,-16.218058,-6.9924464,11.776388,12.807656,-19.124605,-17.725729,14.879273,44.077393,0.6489257,red,anger,CS229/feature/f13_dfh_ax_lc_feat.npy,CS229/feature/f13_dfh_ax_lb_feat.npy,CS229/feature/f13_dfh_ax_lb_feat.npy
39,CS229/TFEID_High/dfh_anger_x/f10_dfh_ax.jpg,-28.295364,-19.220411,-41.078793,-25.647661,-21.865639,5.037675,-14.090952,11.58407,2.42106,13.011546,2.113287,11.767598,-8.529528,1.5592376,-71.34379,0.5154791,red,anger,CS229/feature/f10_dfh_ax_lc_feat.npy,CS229/feature/f10_dfh_ax_lb_feat.npy,CS229/feature/f10_dfh_ax_lb_feat.npy
40,CS229/TFEID_Slight/dfs_fear_x/m14_dfs_f.jpg,24.966482,-15.860491,12.9310255,6.2591257,-55.27761,27.228891,-13.157257,15.506738,1.4734504,-36.51767,-3.9031074,-26.399382,-40.839462,-46.793938,-13.649397,0.35316813,yellow,fear,CS229/feature/m14_dfs_f_lc_feat.npy,CS229/feature/m14_dfs_f_lb_feat.npy,CS229/feature/m14_dfs_f_lb_feat.npy
41,CS229/TFEID_Slight/dfs_fear_x/m10_dfs_f.jpg,28.640717,-19.45262,24.728445,72.702415,21.450026,23.007246,-8.941647,24.04383,13.114211,-34.852448,-6.4646955,-28.1182,-42.34209,-61.303394,1.5011022,0.30696124,yellow,fear,CS229/feature/m10_dfs_f_lc_feat.npy,CS229/feature/m10_dfs_f_lb_feat.npy,CS229/feature/m10_dfs_f_lb_feat.npy
42,CS229/TFEID_Slight/dfs_fear_x/m20_dfs_f.jpg,41.591156,-4.3052154,32.409897,-57.383526,-54.329575,27.11889,-27.89739,29.861181,33.004528,-3.7162035,-0.9614194,-25.622597,-58.176437,-38.366276,-6.954053,0.59313345,yellow,fear,CS229/feature/m20_dfs_f_lc_feat.npy,CS229/feature/m20_dfs_f_lb_feat.npy,CS229/feature/m20_dfs_f_lb_feat.npy
43,CS229/TFEID_Slight/dfs_fear_x/m09_dfs_f.jpg,-27.013958,15.56591,58.26655,-8.230837,-18.450739,26.098745,-8.625197,15.576351,13.728562,-29.536617,8.690011,-19.755796,-27.291597,-6.587078,24.054472,0.3483297,yellow,fear,CS229/feature/m09_dfs_f_lc_feat.npy,CS229/feature/m09_dfs_f_lb_feat.npy,CS229/feature/m09_dfs_f_lb_feat.npy
44,CS229/TFEID_Slight/dfs_fear_x/f07_dfs_f.jpg,45.572083,-6.941384,42.392143,-13.5991,-72.50715,-10.147702,0.5537245,-21.761568,0.81961954,22.602211,31.605646,-10.126612,1.1472182,22.275398,242.3779,0.42391008,yellow,fear,CS229/feature/f07_dfs_f_lc_feat.npy,CS229/feature/f07_dfs_f_lb_feat.npy,CS229/feature/f07_dfs_f_lb_feat.npy
45,CS229/TFEID_Slight/dfs_happiness_x/f05_dfs_h.JPG,5.6374598,35.875587,14.129421,-33.315323,10.148515,4.879832,-34.6042,43.893227,-11.933725,6.5679507,-4.594219,16.106909,26.661362,-27.599636,-56.62346,0.21053192,pink,happiness,CS229/feature/f05_dfs_h_lc_feat.npy,CS229/feature/f05_dfs_h_lb_feat.npy,CS229/feature/f05_dfs_h_lb_feat.npy
46,CS229/TFEID_Slight/dfs_happiness_x/m19_dfs_h.JPG,5.681106,46.189846,-1.034514,-20.962664,65.636375,2.090575,-27.782217,35.205727,-29.207235,-3.586514,-10.331649,21.592981,-17.463573,-66.83779,31.76788,0.7751167,pink,happiness,CS229/feature/m19_dfs_h_lc_feat.npy,CS229/feature/m19_dfs_h_lb_feat.npy,CS229/feature/m19_dfs_h_lb_feat.npy
47,CS229/TFEID_Slight/dfs_happiness_x/f17_dfs_h.JPG,5.0694265,40.484604,2.2369282,-13.239,20.397326,16.35193,43.536892,2.0974767,-44.701946,18.947912,-56.031765,-3.4577348,-72.42161,17.964745,-37.59402,0.8147028,pink,happiness,CS229/feature/f17_dfs_h_lc_feat.npy,CS229/feature/f17_dfs_h_lb_feat.npy,CS229/feature/f17_dfs_h_lb_feat.npy
48,CS229/TFEID_Slight/dfs_happiness_x/f13_dfs_h.JPG,4.7153378,46.20193,-8.620666,-12.7397,62.23219,8.379078,-26.258125,28.148111,-11.024015,-5.740187,-11.156095,3.6435533,60.78915,-17.960863,-3.9442506,0.7195457,pink,happiness,CS229/feature/f13_dfs_h_lc_feat.npy,CS229/feature/f13_dfs_h_lb_feat.npy,CS229/feature/f13_dfs_h_lb_feat.npy
49,CS229/TFEID_Slight/dfs_happiness_x/m15_dfs_h.JPG,-29.516546,25.350218,81.71659,-34.132896,25.984648,8.398219,-22.535944,21.013405,-5.077354,-4.2977595,-9.722202,0.5736277,51.082996,-4.1690598,7.251921,0.73303616,pink,happiness,CS229/feature/m15_dfs_h_lc_feat.npy,CS229/feature/m15_dfs_h_lb_feat.npy,CS229/feature/m15_dfs_h_lb_feat.npy
50,CS229/TFEID_Slight/dfs_sadness_x/m17_dfs_s.JPG,-0.38470614,-34.67823,10.601149,16.155087,-2.9080071,-37.658363,29.629105,-58.414593,2.8558235,-2.715299,-5.8967876,62.887897,-30.131744,76.850266,16.578342,0.9547086,orange,sadness,CS229/feature/m17_dfs_s_lc_feat.npy,CS229/feature/m17_dfs_s_lb_feat.npy,CS229/feature/m17_dfs_s_lb_feat.npy
51,CS229/TFEID_Slight/dfs_sadness_x/m18_dfs_s.JPG,0.83774525,-34.950108,20.074495,23.516718,-0.8149155,-36.7777,30.771122,-53.671906,-0.8405393,-0.18866256,-3.8590145,59.197483,-26.36457,86.374214,-0.90022796,0.9495815,orange,sadness,CS229/feature/m18_dfs_s_lc_feat.npy,CS229/feature/m18_dfs_s_lb_feat.npy,CS229/feature/m18_dfs_s_lb_feat.npy
52,CS229/TFEID_Slight/dfs_sadness_x/m03_dfs_s.JPG,7.019438,11.945576,-46.306877,-23.754429,30.446243,-34.042557,33.82033,-49.82477,-8.79907,-6.7561526,-4.7443266,57.961533,-38.941628,89.69535,-7.7548866,0.3244992,orange,sadness,CS229/feature/m03_dfs_s_lc_feat.npy,CS229/feature/m03_dfs_s_lb_feat.npy,CS229/feature/m03_dfs_s_lb_feat.npy
53,CS229/TFEID_Slight/dfs_sadness_x/f17_dfs_s.JPG,2.1307352,-36.55852,26.845303,25.851055,12.686078,-31.286959,33.176754,-54.890846,-12.972883,-14.487819,-0.8960329,60.27234,-6.4595337,81.83785,-1.737145,0.781178,orange,sadness,CS229/feature/f17_dfs_s_lc_feat.npy,CS229/feature/f17_dfs_s_lb_feat.npy,CS229/feature/f17_dfs_s_lb_feat.npy
54,CS229/TFEID_Slight/dfs_sadness_x/m06_dfs_s.JPG,7.458016,10.940257,-44.709908,-12.723873,25.588697,-33.37801,32.54554,-54.562477,-6.295898,-10.373547,-6.075737,59.581696,-34.737633,71.73746,-7.14914,0.51241696,orange,sadness,CS229/feature/m06_dfs_s_lc_feat.npy,CS229/feature/m06_dfs_s_lb_feat.npy,CS229/feature/m06_dfs_s_lb_feat.npy
55,CS229/TFEID_Slight/dfs_contempt_x/f20_dfs_h.jpg,-27.86627,30.04419,63.314373,-10.526663,42.742294,-46.94357,23.621124,-41.486027,-34.30815,-52.698208,-12.124327,68.355484,45.106888,47.888268,-53.248436,0.90729153,green,contempt,CS229/feature/f20_dfs_h_lc_feat.npy,CS229/feature/f20_dfs_h_lb_feat.npy,CS229/feature/f20_dfs_h_lb_feat.npy
56,CS229/TFEID_Slight/dfs_contempt_x/f16_dfs_h.jpg,-28.280483,32.340195,68.99528,1.8757303,36.286873,-48.93415,24.199717,-44.92278,-28.6012,-48.87134,-9.036064,67.64915,-12.012793,60.296654,19.962082,0.92093915,green,contempt,CS229/feature/f16_dfs_h_lc_feat.npy,CS229/feature/f16_dfs_h_lb_feat.npy,CS229/feature/f16_dfs_h_lb_feat.npy
57,CS229/TFEID_Slight/dfs_contempt_x/f19_dfs_h.jpg,-28.315252,35.15115,77.223595,10.554602,22.771555,-50.979347,25.079603,-44.030117,-21.234905,-45.904324,-6.730629,67.943756,31.321497,68.540924,-10.888876,0.73863804,green,contempt,CS229/feature/f19_dfs_h_lc_feat.npy,CS229/feature/f19_dfs_h_lb_feat.npy,CS229/feature/f19_dfs_h_lb_feat.npy
58,CS229/TFEID_Slight/dfs_contempt_x/f04_dfs_h.jpg,-28.66269,33.479,63.74844,10.690598,29.348038,-46.91065,25.132599,-37.298565,-29.073261,-52.036644,-10.621107,68.14463,38.970524,52.650986,-40.22027,0.91411704,green,contempt,CS229/feature/f04_dfs_h_lc_feat.npy,CS229/feature/f04_dfs_h_lb_feat.npy,CS229/feature/f04_dfs_h_lb_feat.npy
59,CS229/TFEID_Slight/dfs_contempt_x/m11_dfs_h.jpg,-26.261776,24.498339,59.934555,-38.307354,19.319317,1.8456461,-29.348022,40.695053,-25.438452,-2.118025,-8.703939,20.30587,49.894886,-51.258057,-60.389404,0.745706,green,contempt,CS229/feature/m11_dfs_h_lc_feat.npy,CS229/feature/m11_dfs_h_lb_feat.npy,CS229/feature/m11_dfs_h_lb_feat.npy
60,CS229/TFEID_Slight/dfs_disgust_x/f17_dfs_d.jpg,10.812051,2.7258506,-48.02564,23.413805,23.641289,14.052968,40.20199,8.1592865,-33.429882,20.468243,-59.523495,-8.597947,-48.10772,36.91226,-15.391943,0.953918,blue,disgust,CS229/feature/f17_dfs_d_lc_feat.npy,CS229/feature/f17_dfs_d_lb_feat.npy,CS229/feature/f17_dfs_d_lb_feat.npy
61,CS229/TFEID_Slight/dfs_disgust_x/f12_dfs_d.jpg,12.03123,2.7437057,-37.48203,21.3328,29.53286,-8.770707,-10.322938,-13.949976,6.3522153,0.87248635,1.1970983,-13.375347,7.055818,-6.6185174,8.270574,0.90881085,blue,disgust,CS229/feature/f12_dfs_d_lc_feat.npy,CS229/feature/f12_dfs_d_lb_feat.npy,CS229/feature/f12_dfs_d_lb_feat.npy
62,CS229/TFEID_Slight/dfs_disgust_x/f1_dfs_d.jpg,-36.341984,-22.0462,-26.130682,1.319743,-55.03203,8.825315,-4.671061,-6.3073106,9.140904,6.5534363,-0.24732332,-4.9476523,16.926727,19.545822,12.250288,0.3968836,blue,disgust,CS229/feature/f1_dfs_d_lc_feat.npy,CS229/feature/f1_dfs_d_lb_feat.npy,CS229/feature/f1_dfs_d_lb_feat.npy
63,CS229/TFEID_Slight/dfs_disgust_x/m4_dfs_d.jpg,10.90414,6.633882,-62.099884,6.8032007,35.593483,18.067041,44.75786,-4.2585406,-48.66561,18.03912,-58.110226,-2.0533075,-66.86186,14.0454445,-54.659653,0.8312331,blue,disgust,CS229/feature/m4_dfs_d_lc_feat.npy,CS229/feature/m4_dfs_d_lb_feat.npy,CS229/feature/m4_dfs_d_lb_feat.npy
64,CS229/TFEID_Slight/dfs_disgust_x/f18_dfs_d.jpg,-28.903885,-20.676582,-39.985977,-37.806755,-15.923516,2.7239323,-15.749416,14.628308,10.495837,10.053388,2.792578,0.3452665,-19.109129,-38.817616,-60.136566,0.37764785,blue,disgust,CS229/feature/f18_dfs_d_lc_feat.npy,CS229/feature/f18_dfs_d_lb_feat.npy,CS229/feature/f18_dfs_d_lb_feat.npy
65,CS229/TFEID_Slight/dfs_surprise_x/f16_dfs_p.JPG,23.662542,-24.13001,16.044077,60.683414,-29.030888,-22.135912,9.150436,237.87079,-2.651515,-65.792816,33.944527,0.7648721,-41.663193,-7.319192,72.762024,0.90484345,purple,surprise,CS229/feature/f16_dfs_p_lc_feat.npy,CS229/feature/f16_dfs_p_lb_feat.npy,CS229/feature/f16_dfs_p_lb_feat.npy
66,CS229/TFEID_Slight/dfs_surprise_x/f21_dfs_p.JPG,28.107533,-22.646458,27.559967,79.33872,-9.749385,-10.064753,-1.7918096,-19.717333,-4.6612077,17.666779,11.208587,-13.483346,42.739914,-26.699316,41.091576,0.76447296,purple,surprise,CS229/feature/f21_dfs_p_lc_feat.npy,CS229/feature/f21_dfs_p_lb_feat.npy,CS229/feature/f21_dfs_p_lb_feat.npy
67,CS229/TFEID_Slight/dfs_surprise_x/m11_dfs_p.JPG,26.631935,-25.264297,24.429316,49.086784,-45.678013,-20.872639,9.741381,-23.848738,23.33482,42.454716,35.996803,1.2174202,75.65599,22.288403,41.631016,0.83572793,purple,surprise,CS229/feature/m11_dfs_p_lc_feat.npy,CS229/feature/m11_dfs_p_lb_feat.npy,CS229/feature/m11_dfs_p_lb_feat.npy
68,CS229/TFEID_Slight/dfs_surprise_x/f17_dfs_p.JPG,23.959606,-26.486044,26.80616,68.35335,-38.487835,14.393268,42.7299,5.6082306,-40.397358,23.461533,-58.338608,-7.2497916,-56.22053,40.3834,35.383297,0.8221707,purple,surprise,CS229/feature/f17_dfs_p_lc_feat.npy,CS229/feature/f17_dfs_p_lb_feat.npy,CS229/feature/f17_dfs_p_lb_feat.npy
69,CS229/TFEID_Slight/dfs_surprise_x/m18_dfs_p.JPG,19.92965,-27.41399,18.281857,46.086506,-19.928783,-24.006891,8.273595,-22.141954,35.478355,32.622482,38.029953,1.1676221,-60.37056,-20.67263,65.49229,0.3121518,purple,surprise,CS229/feature/m18_dfs_p_lc_feat.npy,CS229/feature/m18_dfs_p_lb_feat.npy,CS229/feature/m18_dfs_p_lb_feat.npy
70,CS229/TFEID_Slight/dfs_anger_x/f19_dfs_a.JPG,-26.677563,-9.42789,-74.02054,-9.711203,-53.19302,12.400284,46.791264,1.671166,-46.800632,34.772556,-54.679295,-4.3355594,-80.51124,15.23086,-25.208565,0.88267726,red,anger,CS229/feature/f19_dfs_a_lc_feat.npy,CS229/feature/f19_dfs_a_lb_feat.npy,CS229/feature/f19_dfs_a_lb_feat.npy
71,CS229/TFEID_Slight/dfs_anger_x/f07_dfs_a.JPG,-31.04278,-3.8208961,-90.12538,-33.981045,-31.643898,6.334533,-15.251212,12.194057,0.9834692,6.358771,-1.5180322,12.949688,11.8609915,-3.5141325,-59.45956,0.41472587,red,anger,CS229/feature/f07_dfs_a_lc_feat.npy,CS229/feature/f07_dfs_a_lb_feat.npy,CS229/feature/f07_dfs_a_lb_feat.npy
72,CS229/TFEID_Slight/dfs_anger_x/f08_dfs_a.JPG,-29.05203,-15.658803,-58.729336,-8.852377,-30.362879,-6.717802,-4.422584,-9.455905,-10.738691,10.757031,-3.41253,18.274944,17.743973,-43.116985,-54.42519,0.9288103,red,anger,CS229/feature/f08_dfs_a_lc_feat.npy,CS229/feature/f08_dfs_a_lb_feat.npy,CS229/feature/f08_dfs_a_lb_feat.npy
73,CS229/TFEID_Slight/dfs_anger_x/m20_dfs_a.JPG,-27.469852,-14.9961,-65.71534,-10.748351,-17.903421,31.92477,-4.4799175,18.468662,26.384945,-18.054777,-2.478785,-20.075485,-20.83613,-35.60325,-17.388077,0.7950169,red,anger,CS229/feature/m20_dfs_a_lc_feat.npy,CS229/feature/m20_dfs_a_lb_feat.npy,CS229/feature/m20_dfs_a_lb_feat.npy
74,CS229/TFEID_Slight/dfs_anger_x/f18_dfs_a.JPG,-30.73828,-4.861414,-83.11604,-27.232946,-38.79956,13.883658,47.41201,-3.118111,-47.624252,29.946898,-52.88362,-3.5110602,-91.72548,5.9081063,-33.24208,0.72678083,red,anger,CS229/feature/f18_dfs_a_lc_feat.npy,CS229/feature/f18_dfs_a_lb_feat.npy,CS229/feature/f18_dfs_a_lb_feat.npy
